{
	"info": {
		"_postman_id": "25bf1244-870f-4a58-a535-04e73de0d453",
		"name": "StudentManagement",
		"schema": "https://schema.getpostman.com/json/collection/v2.1.0/collection.json",
		"_exporter_id": "28031818",
		"_collection_link": "https://gold-astronaut-706993.postman.co/workspace/My-Workspace~6d25a4b9-1438-450b-811b-58f1a81711fd/collection/28031818-25bf1244-870f-4a58-a535-04e73de0d453?action=share&source=collection_link&creator=28031818"
	},
	"item": [
		{
			"name": "AddStudentInformation",
			"request": {
				"method": "POST",
				"header": [],
				"body": {
					"mode": "raw",
					"raw": "{\r\n    \"rollno\":1,\r\n    \"firstname\":\"AMIT\",\r\n    \"lastname\":\"DUBEY\",\r\n    \"gender\":\"MALE\",\r\n    \"contactno\":\"8850014998\",\r\n    \"emailid\":\"abdubet@gmail.com\",\r\n    \"dob\":\"22-10-2023\",\r\n    \"active\":1,\r\n    \"qualificationDetails\":[\r\n        {\r\n            \"institutionname\":\"abc\",\r\n            \"course\":\"abc\",\r\n            \"duration\":5,\r\n            \"fromdate\":\"22-11-2000\",\r\n            \"todate\":\"10-10-13\",\r\n            \"percentage\":6\r\n        }\r\n    ]\r\n}",
					"options": {
						"raw": {
							"language": "json"
						}
					}
				},
				"url": {
					"raw": "http://localhost:8086/studentinfo",
					"protocol": "http",
					"host": [
						"localhost"
					],
					"port": "8086",
					"path": [
						"studentinfo"
					]
				}
			},
			"response": []
		},
		{
			"name": "editStudentInformation",
			"request": {
				"method": "GET",
				"header": []
			},
			"response": []
		},
		{
			"name": "getAllStudentInformation",
			"request": {
				"method": "GET",
				"header": []
			},
			"response": []
		},
		{
			"name": "deleteStudentInformation",
			"protocolProfileBehavior": {
				"disableBodyPruning": true
			},
			"request": {
				"method": "GET",
				"header": [],
				"body": {
					"mode": "raw",
					"raw": "{\r\n    \"studentName\": \"John Doe\",\r\n    \"studentRollNo\": \"12345\",\r\n    \"studentAge\": 20,\r\n    \"studentContactNo\": \"123-456-7890\",\r\n    \"studentFees\": 5000,\r\n    \"qualifications\": [\r\n        {\r\n            \"courseName\": \"Computer Science\",\r\n            \"collegeName\": \"XYZ University\"\r\n        },\r\n        {\r\n            \"courseName\": \"Mathematics\",\r\n            \"collegeName\": \"ABC College\"\r\n        }\r\n    ]\r\n}\r\n",
					"options": {
						"raw": {
							"language": "json"
						}
					}
				},
				"url": {
					"raw": "http://localhost:8081/student",
					"protocol": "http",
					"host": [
						"localhost"
					],
					"port": "8081",
					"path": [
						"student"
					]
				}
			},
			"response": []
		},
		{
			"name": "getStudentInformationById",
			"request": {
				"method": "GET",
				"header": []
			},
			"response": []
		}
	]
}